,Powers (mW),Wavelengths (nm)
0,0.05,1550.2749999999999
1,2.55,1550.3
2,5.05,1550.315
3,7.55,1550.3400000000001
4,10.05,1550.3650000000002
5,12.55,1550.3800000000003
6,15.05,1550.4050000000004
7,17.55,1550.4200000000005
8,20.05,1550.4350000000006
